{"cameraMode":{"drawMode":0,"name":"Shaded","section":"Shading Mode"},"sceneLighting":true,"audioPlay":false,"sceneViewState":{"showFog":true,"showMaterialUpdate":false,"showSkybox":true,"showFlares":true,"showImageEffects":true,"showParticleSystems":true},"in2DMode":false,"pivot":{"x":0.36000001430511477,"y":0.5299999713897705,"z":1.1699999570846558},"rotation":{"x":-0.2058437168598175,"y":0.1986321657896042,"z":-0.042715419083833697,"w":-0.9572612643241882},"size":11.460573196411133,"orthographic":false}